INSERT INTO Customer VALUES (1, 'John', 'Doe', '11/10/1981', '8960 Street 6', 'Vancouver','British Columbia', 'A3T BC2', '04/06/2019');
INSERT INTO Customer VALUES (2, 'Matthew', 'Harris', '02/24/1994', '5880 Street 7', 'Chilliwack','British Columbia', 'AR1 4S4', '09/13/2018');
INSERT INTO Customer VALUES (3, 'Julie', 'Matthews', '04/24/1994', '8600 Street 5', 'Vancouver','British Columbia', 'BC2 A3T', '04/16/2019');
INSERT INTO Customer VALUES (4, 'Anna', 'Roberts', '06/29/1986', '7900 Street 10', 'Cranbrook','British Columbia', 'A45 BD2', '03/25/2017');
INSERT INTO Customer VALUES (5, 'Doris', 'Young', '08/09/1991', '2170 Street 10', 'Vancouver','British Columbia', 'BWA 46T', '02/28/2014');
INSERT INTO Customer VALUES (6, 'Carlos', 'Allen', '11/30/1987', '6920 Street 7', 'Vancouver','British Columbia', 'C46 24H', '04/22/2016');
INSERT INTO Customer VALUES (7, 'Fabio', 'Rogers', '05/08/1975', '7000 Street 3', 'Penticton','British Columbia', 'AS5 231', '06/09/2018');
INSERT INTO Customer VALUES (8, 'Winnie', 'King', '03/04/1987', '2030 Street 10', 'Vancouver','British Columbia', '421 HD2', '03/25/2018');
INSERT INTO Customer VALUES (9, 'Anderson', 'Scott', '09/24/1971', '8180 Street 6', 'Vancouver','British Columbia', '14H 512', '10/18/2019');
INSERT INTO Customer VALUES (10, 'Rihanna', 'Becker', '11/05/1987', '4170 Street 6', 'Vancouver','British Columbia', '43G 25J', '07/02/2019');
INSERT INTO Customer VALUES (11, 'Bruna', 'Cooper', '09/24/1972', '2630 Street 4', 'Osoyoos','British Columbia', '2J3 8C2', '04/29/2016');
INSERT INTO Customer VALUES (12, 'Michael', 'Bell', '02/25/1978', '8230 Street 7', 'Vancouver','British Columbia', 'E14 4HJ', '04/20/2018');
INSERT INTO Customer VALUES (13, 'Daniil', 'Morgan', '02/12/1986', '3560 Street 3', 'Vancouver','British Columbia', '2J9 SG5', '09/18/2018');

INSERT INTO PLACE VALUES (1, '5500 Cookie Ave', 'Vancouver', 'British Columbia', 'BC2 A3T', 4,8, 'Mountain');
INSERT INTO PLACE VALUES (2, '6000 Boulevard Ave', 'Chilliwak', 'British Columbia', '4S4 AR1', 3,6, 'Mountain');
INSERT INTO PLACE VALUES (3, '1500 Avenuous Ave', 'Penticton', 'British Columbia', 'A3T BC2', 5,6, 'Plain');
INSERT INTO PLACE VALUES (4, '1300 VeryMountain Ave', 'Cranbrook', 'British Columbia', 'BD2 A45', 2,2, 'Plain');
INSERT INTO PLACE VALUES (5, '3900 Sunset Ave', 'Vancouver', 'British Columbia', '46T BWA', 4,4, 'Plain');
INSERT INTO PLACE VALUES (6, '1800 Sunrise Ave', 'Vancouver', 'British Columbia', '24H C46', 5,8, 'Mountain');
INSERT INTO PLACE VALUES (7, '8200 SunMiddle Ave', 'Penticton', 'British Columbia', '231 AS5', 6,10, 'Mountain');

INSERT INTO PAYMENT VALUES (1, '03/28/2017', 1900.00, 4);
INSERT INTO PAYMENT VALUES (2, '04/06/2019', 1400.00, 1);
INSERT INTO PAYMENT VALUES (3, '04/18/2019', 1700.00, 3);
INSERT INTO PAYMENT VALUES (4, '10/18/2019', 1500.00, 9);
INSERT INTO PAYMENT VALUES (5, '06/09/2018', 1400.00, 7);
INSERT INTO PAYMENT VALUES (6, '04/20/2018', 1800.00, 12);
INSERT INTO PAYMENT VALUES (7, '02/28/2014', 1100.00, 5);
INSERT INTO PAYMENT VALUES (8, '04/30/2016', 1300.00, 11);
INSERT INTO PAYMENT VALUES (9, '09/18/2018', 1300.00, 13);
INSERT INTO PAYMENT VALUES (10, '09/19/2018', 1800.00, 2);
INSERT INTO PAYMENT VALUES (11, '07/02/2019', 1300.00, 10);

INSERT INTO EVENT_CATEGORY VALUES ('Hiking Overhaul', 'Complete Hiking Gear');
INSERT INTO EVENT_CATEGORY VALUES ('Intermediate Hike', 'Hiking Shoes and Gloves');
INSERT INTO EVENT_CATEGORY VALUES ('Easy Peasy Hike', 'Sport Shoes');
INSERT INTO EVENT_CATEGORY VALUES ('Easy Stroll', 'Sport Shoes');
INSERT INTO EVENT_CATEGORY VALUES ('Walk in Park', 'Yourself!');

INSERT INTO PACKAGES VALUES (1, 1900, 'Hiking Overhaul', 10);
INSERT INTO PACKAGES VALUES (2, 1000, 'Hiking Overhaul', 5);
INSERT INTO PACKAGES VALUES (3, 1700, 'Intermediate Hike', 10);
INSERT INTO PACKAGES VALUES (4, 895, 'Intermediate Hike', 5);
INSERT INTO PACKAGES VALUES (5, 1400, 'Easy Peasy Hike', 10);
INSERT INTO PACKAGES VALUES (6, 735, 'Easy Peasy Hike', 5);
INSERT INTO PACKAGES VALUES (7, 1200, 'Easy Stroll', 10);
INSERT INTO PACKAGES VALUES (8, 635, 'Easy Stroll', 5);
INSERT INTO PACKAGES VALUES (9, 1000, 'Walk in Park', 10);
INSERT INTO PACKAGES VALUES (10, 525, 'Walk in Park', 5);

INSERT INTO MOUNTAIN VALUES (1, 'High');
INSERT INTO MOUNTAIN VALUES (2, 'Medium');
INSERT INTO MOUNTAIN VALUES (6, 'Low');
INSERT INTO MOUNTAIN VALUES (7, 'High');

INSERT INTO EVENT VALUES ('Hiking Overhaul', '09/22/2017', '08:00 AM', 8, 1);
INSERT INTO EVENT VALUES ('Hiking Overhaul', '12/13/2018', '08:00 AM', 8, 7);
INSERT INTO EVENT VALUES ('Hiking Overhaul', '01/08/2018', '08:00 AM', 8, 1);
INSERT INTO EVENT VALUES ('Intermediate Hike', '10/11/2018', '09:00 AM', 6, 6);
INSERT INTO EVENT VALUES ('Intermediate Hike', '02/02/2018', '09:00 AM', 6, 2);
INSERT INTO EVENT VALUES ('Intermediate Hike', '08/10/2018', '09:00 AM', 6, 2);
INSERT INTO EVENT VALUES ('Easy Peasy Hike', '12/12/2018', '08:00 AM', 4, 3);
INSERT INTO EVENT VALUES ('Easy Peasy Hike', '08/10/2017', '08:00 AM', 4, 3);
INSERT INTO EVENT VALUES ('Easy Stroll', '01/15/2018', '08:00 AM', 4, 5);
INSERT INTO EVENT VALUES ('Easy Stroll', '04/15/2017', '09:00 AM', 4, 5);
INSERT INTO EVENT VALUES ('Walk in Park', '07/21/2018', '08:00 AM', 3, 4);
INSERT INTO EVENT VALUES ('Walk in Park', '06/02/2017', '09:00 AM', 3, 4);

INSERT INTO PHOTO VALUES ('D:/Photos/Hiking Overhaul/09_22_2017 Photo 1', 'Hiking Overhaul', '09/22/2017');
INSERT INTO PHOTO VALUES ('D:/Photos/Hiking Overhaul/09_22_2017 Photo 2', 'Hiking Overhaul', '09/22/2017');
INSERT INTO PHOTO VALUES ('D:/Photos/Hiking Overhaul/09_22_2017 Photo 3', 'Hiking Overhaul', '09/22/2017');
INSERT INTO PHOTO VALUES ('D:/Photos/Hiking Overhaul/12_13_2018 Photo 1', 'Hiking Overhaul', '12/13/2018');
INSERT INTO PHOTO VALUES ('D:/Photos/Hiking Overhaul/12_13_2018 Photo 2', 'Hiking Overhaul', '12/13/2018');
INSERT INTO PHOTO VALUES ('D:/Photos/Hiking Overhaul/12_13_2018 Photo 3', 'Hiking Overhaul', '12/13/2018');
INSERT INTO PHOTO VALUES ('D:/Photos/Hiking Overhaul/01_08_2018 Photo 1', 'Hiking Overhaul', '01/08/2018');
INSERT INTO PHOTO VALUES ('D:/Photos/Hiking Overhaul/01_08_2018 Photo 2', 'Hiking Overhaul', '01/08/2018');
INSERT INTO PHOTO VALUES ('D:/Photos/Hiking Overhaul/01_08_2018 Photo 3', 'Hiking Overhaul', '01/08/2018');
INSERT INTO PHOTO VALUES ('D:/Photos/Hiking Overhaul/01_08_2018 Photo 4', 'Hiking Overhaul', '01/08/2018');
INSERT INTO PHOTO VALUES ('D:/Photos/Hiking Overhaul/01_08_2018 Photo 5', 'Hiking Overhaul', '01/08/2018');
INSERT INTO PHOTO VALUES ('D:/Photos/Hiking Overhaul/01_08_2018 Photo 6', 'Hiking Overhaul', '01/08/2018');
INSERT INTO PHOTO VALUES ('D:/Photos/Intermediate Hike/10_11_2018 Photo 1', 'Intermediate Hike', '10/11/2018');
INSERT INTO PHOTO VALUES ('D:/Photos/Intermediate Hike/10_11_2018 Photo 2', 'Intermediate Hike', '10/11/2018');
INSERT INTO PHOTO VALUES ('D:/Photos/Intermediate Hike/02_02_2018 Photo 1', 'Intermediate Hike', '02/02/2018');
INSERT INTO PHOTO VALUES ('D:/Photos/Intermediate Hike/02_02_2018 Photo 2', 'Intermediate Hike', '02/02/2018');
INSERT INTO PHOTO VALUES ('D:/Photos/Intermediate Hike/08_10_2018 Photo 1', 'Intermediate Hike', '08/10/2018');
INSERT INTO PHOTO VALUES ('D:/Photos/Intermediate Hike/08_10_2018 Photo 2', 'Intermediate Hike', '08/10/2018');
INSERT INTO PHOTO VALUES ('D:/Photos/Easy Peasy Hike/12_12_2018 Photo 1', 'Easy Peasy Hike', '12/12/2018');
INSERT INTO PHOTO VALUES ('D:/Photos/Easy Peasy Hike/12_12_2018 Photo 2', 'Easy Peasy Hike', '12/12/2018');
INSERT INTO PHOTO VALUES ('D:/Photos/Easy Peasy Hike/08_10_2017 Photo 1', 'Easy Peasy Hike', '08/10/2017');
INSERT INTO PHOTO VALUES ('D:/Photos/Easy Peasy Hike/08_10_2017 Photo 2', 'Easy Peasy Hike', '08/10/2017');
INSERT INTO PHOTO VALUES ('D:/Photos/Easy Stroll/01_15_2018 Photo 1', 'Easy Stroll', '01/15/2018');
INSERT INTO PHOTO VALUES ('D:/Photos/Easy Stroll/01_15_2018 Photo 2', 'Easy Stroll', '01/15/2018');
INSERT INTO PHOTO VALUES ('D:/Photos/Easy Stroll/04_15_2017 Photo 1', 'Easy Stroll', '04/15/2017');
INSERT INTO PHOTO VALUES ('D:/Photos/Easy Stroll/04_15_2017 Photo 2', 'Easy Stroll', '04/15/2017');
INSERT INTO PHOTO VALUES ('D:/Photos/Walk in Park/07_21_2018 Photo 1', 'Walk in Park', '07/21/2018');
INSERT INTO PHOTO VALUES ('D:/Photos/Walk in Park/07_21_2018 Photo 2', 'Walk in Park', '07/21/2018');
INSERT INTO PHOTO VALUES ('D:/Photos/Walk in Park/06_02_2017 Photo 1', 'Walk in Park', '06/02/2017');
INSERT INTO PHOTO VALUES ('D:/Photos/Walk in Park/06_02_2017 Photo 2', 'Walk in Park', '06/02/2017');
INSERT INTO PHOTO VALUES ('D:/Photos/Walk in Park/06_02_2017 Photo 3', 'Walk in Park', '06/02/2017');

INSERT INTO CUSTOMER_ATTENDS_EVENTS VALUES (4, 'Hiking Overhaul', '09/22/2017');
INSERT INTO CUSTOMER_ATTENDS_EVENTS VALUES (12, 'Hiking Overhaul', '09/22/2017');
INSERT INTO CUSTOMER_ATTENDS_EVENTS VALUES (2, 'Hiking Overhaul', '09/22/2017');
INSERT INTO CUSTOMER_ATTENDS_EVENTS VALUES (4, 'Hiking Overhaul', '12/13/2018');
INSERT INTO CUSTOMER_ATTENDS_EVENTS VALUES (12, 'Hiking Overhaul', '12/13/2018');
INSERT INTO CUSTOMER_ATTENDS_EVENTS VALUES (2, 'Hiking Overhaul', '12/13/2018');
INSERT INTO CUSTOMER_ATTENDS_EVENTS VALUES (12, 'Hiking Overhaul', '01/08/2018');
INSERT INTO CUSTOMER_ATTENDS_EVENTS VALUES (2, 'Hiking Overhaul', '01/08/2018');
INSERT INTO CUSTOMER_ATTENDS_EVENTS VALUES (3, 'Intermediate Hike', '10/11/2018');
INSERT INTO CUSTOMER_ATTENDS_EVENTS VALUES (3, 'Intermediate Hike', '02/02/2018');
INSERT INTO CUSTOMER_ATTENDS_EVENTS VALUES (3, 'Intermediate Hike', '08/10/2018');
INSERT INTO CUSTOMER_ATTENDS_EVENTS VALUES (9, 'Intermediate Hike', '10/11/2018');
INSERT INTO CUSTOMER_ATTENDS_EVENTS VALUES (9, 'Intermediate Hike', '02/02/2018');
INSERT INTO CUSTOMER_ATTENDS_EVENTS VALUES (9, 'Intermediate Hike', '08/10/2018');
INSERT INTO CUSTOMER_ATTENDS_EVENTS VALUES (7, 'Easy Peasy Hike', '12/12/2018');
INSERT INTO CUSTOMER_ATTENDS_EVENTS VALUES (7, 'Easy Peasy Hike', '08/10/2017');
INSERT INTO CUSTOMER_ATTENDS_EVENTS VALUES (7, 'Easy Stroll', '01/15/2018');
INSERT INTO CUSTOMER_ATTENDS_EVENTS VALUES (7, 'Easy Stroll', '04/15/2017');
INSERT INTO CUSTOMER_ATTENDS_EVENTS VALUES (1, 'Easy Peasy Hike', '12/12/2018');
INSERT INTO CUSTOMER_ATTENDS_EVENTS VALUES (1, 'Easy Peasy Hike', '08/10/2017');
INSERT INTO CUSTOMER_ATTENDS_EVENTS VALUES (1, 'Easy Stroll', '01/15/2018');
INSERT INTO CUSTOMER_ATTENDS_EVENTS VALUES (1, 'Easy Stroll', '04/15/2017');
INSERT INTO CUSTOMER_ATTENDS_EVENTS VALUES (13, 'Easy Peasy Hike', '12/12/2018');
INSERT INTO CUSTOMER_ATTENDS_EVENTS VALUES (13, 'Easy Peasy Hike', '08/10/2017');
INSERT INTO CUSTOMER_ATTENDS_EVENTS VALUES (13, 'Easy Stroll', '01/15/2018');
INSERT INTO CUSTOMER_ATTENDS_EVENTS VALUES (13, 'Easy Stroll', '04/15/2017');
INSERT INTO CUSTOMER_ATTENDS_EVENTS VALUES (5, 'Walk in Park', '07/21/2018');
INSERT INTO CUSTOMER_ATTENDS_EVENTS VALUES (5, 'Walk in Park', '06/02/2017');
INSERT INTO CUSTOMER_ATTENDS_EVENTS VALUES (11, 'Walk in Park', '07/21/2018');
INSERT INTO CUSTOMER_ATTENDS_EVENTS VALUES (11, 'Walk in Park', '06/02/2017');
INSERT INTO CUSTOMER_ATTENDS_EVENTS VALUES (10, 'Walk in Park', '07/21/2018');
INSERT INTO CUSTOMER_ATTENDS_EVENTS VALUES (10, 'Walk in Park', '06/02/2017');

INSERT INTO CUSTOMER_ACQUIRES_PACKAGES VALUES (4, 1, '03/25/2017');
INSERT INTO CUSTOMER_ACQUIRES_PACKAGES VALUES (12, 1, '04/20/2018');
INSERT INTO CUSTOMER_ACQUIRES_PACKAGES VALUES (2, 1, '09/13/2018');
INSERT INTO CUSTOMER_ACQUIRES_PACKAGES VALUES (3, 3, '04/16/2019');
INSERT INTO CUSTOMER_ACQUIRES_PACKAGES VALUES (9, 3, '10/18/2019');
INSERT INTO CUSTOMER_ACQUIRES_PACKAGES VALUES (7, 5, '06/09/2018');
INSERT INTO CUSTOMER_ACQUIRES_PACKAGES VALUES (7, 7, '06/09/2018');
INSERT INTO CUSTOMER_ACQUIRES_PACKAGES VALUES (1, 5, '04/06/2019');
INSERT INTO CUSTOMER_ACQUIRES_PACKAGES VALUES (1, 7, '04/06/2019');
INSERT INTO CUSTOMER_ACQUIRES_PACKAGES VALUES (13, 5, '09/18/2018');
INSERT INTO CUSTOMER_ACQUIRES_PACKAGES VALUES (13, 7, '09/18/2018');
INSERT INTO CUSTOMER_ACQUIRES_PACKAGES VALUES (5, 9, '02/28/2014');
INSERT INTO CUSTOMER_ACQUIRES_PACKAGES VALUES (11, 9, '04/29/2016');
INSERT INTO CUSTOMER_ACQUIRES_PACKAGES VALUES (10, 9, '07/02/2019');

INSERT INTO PAYMENT_IS_LINKED_TO_PACKAGE VALUES (1, 1);
INSERT INTO PAYMENT_IS_LINKED_TO_PACKAGE VALUES (2, 5);
INSERT INTO PAYMENT_IS_LINKED_TO_PACKAGE VALUES (3, 3);
INSERT INTO PAYMENT_IS_LINKED_TO_PACKAGE VALUES (4, 3);
INSERT INTO PAYMENT_IS_LINKED_TO_PACKAGE VALUES (5, 5);
INSERT INTO PAYMENT_IS_LINKED_TO_PACKAGE VALUES (6, 1);
INSERT INTO PAYMENT_IS_LINKED_TO_PACKAGE VALUES (7, 9);
INSERT INTO PAYMENT_IS_LINKED_TO_PACKAGE VALUES (8, 9);
INSERT INTO PAYMENT_IS_LINKED_TO_PACKAGE VALUES (9, 5);
INSERT INTO PAYMENT_IS_LINKED_TO_PACKAGE VALUES (10, 1);
INSERT INTO PAYMENT_IS_LINKED_TO_PACKAGE VALUES (11, 9);

INSERT INTO CUSTOMER_TELEPHONE_NUMBERS VALUES (1, 7785162003);
INSERT INTO CUSTOMER_TELEPHONE_NUMBERS VALUES (2, 7784641881);
INSERT INTO CUSTOMER_TELEPHONE_NUMBERS VALUES (2, 7781406485);
INSERT INTO CUSTOMER_TELEPHONE_NUMBERS VALUES (3, 6048736121);
INSERT INTO CUSTOMER_TELEPHONE_NUMBERS VALUES (4, 7785671055);
INSERT INTO CUSTOMER_TELEPHONE_NUMBERS VALUES (5, 7787077169);
INSERT INTO CUSTOMER_TELEPHONE_NUMBERS VALUES (6, 6049120590);
INSERT INTO CUSTOMER_TELEPHONE_NUMBERS VALUES (7, 7788021016);
INSERT INTO CUSTOMER_TELEPHONE_NUMBERS VALUES (7, 7787450737);
INSERT INTO CUSTOMER_TELEPHONE_NUMBERS VALUES (8, 6048469717);
INSERT INTO CUSTOMER_TELEPHONE_NUMBERS VALUES (8, 7782265694);
INSERT INTO CUSTOMER_TELEPHONE_NUMBERS VALUES (9, 7787699981);
INSERT INTO CUSTOMER_TELEPHONE_NUMBERS VALUES (10, 2505835745);
INSERT INTO CUSTOMER_TELEPHONE_NUMBERS VALUES (11, 7781889494);
INSERT INTO CUSTOMER_TELEPHONE_NUMBERS VALUES (12, 2508977231);
INSERT INTO CUSTOMER_TELEPHONE_NUMBERS VALUES (13, 2507303277);
